City_ID,City,Country,Lat,Lng,Max Temp,Humidity,Cloudiness,Wind Speed,Current Description
0,Carnarvon,AU,-24.8667,113.6333,63.91,59,96,12.66,overcast clouds
1,Mataura,NZ,-46.1927,168.8643,46.47,97,99,0.72,overcast clouds
2,Hokitika,NZ,-42.7167,170.9667,53.55,75,80,3.15,broken clouds
3,Provideniya,RU,64.3833,-173.3,39.36,100,53,4.0,broken clouds
4,Lagoa,PT,39.05,-27.9833,73.96,82,18,5.77,few clouds
5,Port Alfred,ZA,-33.5906,26.891,58.62,75,10,9.31,clear sky
6,Chuy,UY,-33.6971,-53.4616,53.73,79,100,10.74,overcast clouds
7,Bluff,NZ,-46.6,168.3333,46.8,87,100,2.42,overcast clouds
8,Clyde River,CA,70.4692,-68.5914,32.23,86,75,5.75,snow
9,Cape Town,ZA,-33.9258,18.4232,64.38,67,0,9.22,clear sky
10,Leningradskiy,RU,69.3833,178.4167,33.1,75,6,13.67,clear sky
11,Ushuaia,AR,-54.8,-68.3,49.66,43,0,10.36,clear sky
12,Vaini,TO,-21.2,-175.2,75.36,88,40,9.22,scattered clouds
13,Xai-Xai,MZ,-25.0519,33.6442,67.06,95,100,14.12,moderate rain
14,Saint-Philippe,RE,-21.3585,55.7679,69.39,87,67,14.79,light rain
15,Balangiga,PH,11.1097,125.3875,78.42,86,100,1.5,overcast clouds
16,Busselton,AU,-33.65,115.3333,57.94,71,3,16.62,clear sky
17,Krasnoselkup,RU,65.7,82.4667,36.37,64,100,18.88,light rain
18,Nueve De Julio,AR,-35.4444,-60.8831,57.96,41,99,4.0,light rain
19,Mar Del Plata,AR,-38.0023,-57.5575,53.62,70,0,9.22,clear sky
20,Dikson,RU,73.5069,80.5464,30.42,72,100,19.55,overcast clouds
21,Tourlaville,FR,49.6383,-1.5664,51.22,87,0,2.3,clear sky
22,Shaunavon,CA,49.6501,-108.4181,53.38,46,50,18.37,scattered clouds
23,Ballina,AU,-28.8667,153.5667,62.02,99,100,7.29,light rain
24,Kavieng,PG,-2.5744,150.7967,81.55,77,93,9.42,light rain
25,Kwinana,AU,-32.25,115.7667,54.34,75,2,12.84,clear sky
26,Hobart,AU,-42.8794,147.3294,53.46,68,100,8.05,overcast clouds
27,Avarua,CK,-21.2078,-159.775,73.45,83,75,12.66,broken clouds
28,Saint George,US,37.1041,-113.5841,91.99,16,0,14.97,clear sky
29,Erzin,TR,36.9559,36.2,73.67,88,39,2.46,scattered clouds
30,Puerto Ayora,EC,-0.7393,-90.3518,75.16,91,67,11.01,broken clouds
31,Albany,US,42.6001,-73.9662,73.17,75,42,1.99,scattered clouds
32,Port Elizabeth,ZA,-33.918,25.5701,56.1,90,0,3.44,clear sky
33,Butaritari,KI,3.0707,172.7902,81.0,76,95,11.92,overcast clouds
34,Qena,EG,26.1615,32.7183,81.61,27,0,8.84,clear sky
35,Vila Do Maio,CV,15.1333,-23.2167,79.59,76,34,13.94,scattered clouds
36,Cayenne,GF,4.9333,-52.3333,77.04,83,37,5.75,scattered clouds
37,Rikitea,PF,-23.1203,-134.9692,73.15,77,0,16.04,clear sky
38,Marawi,PH,7.9986,124.2928,69.26,92,100,1.68,overcast clouds
39,Sibolga,ID,1.7427,98.7792,76.1,85,84,3.15,broken clouds
40,Kasimov,RU,54.9411,41.3953,48.22,78,61,2.46,broken clouds
41,Bud,US,39.447,-86.1758,90.68,68,11,5.46,few clouds
42,Airai,TL,-8.9266,125.4092,59.14,87,32,3.22,scattered clouds
43,Mangan,IN,27.5167,88.5333,73.42,91,91,1.41,overcast clouds
44,Johnson City,US,36.3134,-82.3535,88.12,52,40,5.75,scattered clouds
45,Thompson,CA,55.7435,-97.8558,44.76,81,100,11.5,overcast clouds
46,Saldanha,ZA,-33.0117,17.9442,55.45,87,0,10.13,clear sky
47,Mackay,AU,-21.15,149.2,72.68,81,63,7.72,broken clouds
48,Upernavik,GL,72.7868,-56.1549,33.39,97,100,6.31,light snow
49,San Quintin,MX,30.4833,-115.95,74.53,66,77,15.52,broken clouds
50,Hermanus,ZA,-34.4187,19.2345,53.8,77,0,9.28,clear sky
51,Chama,CH,47.1821,8.4636,53.82,78,75,1.14,broken clouds
52,Torbay,CA,47.6666,-52.7314,54.27,77,20,9.22,few clouds
53,Nanortalik,GL,60.1432,-45.2371,41.4,90,21,11.21,few clouds
54,Road Town,VG,18.4167,-64.6167,87.89,84,40,10.36,scattered clouds
55,Castro,BR,-24.7911,-50.0119,64.06,76,53,3.13,broken clouds
56,Qaqortoq,GL,60.7167,-46.0333,42.78,85,12,3.4,few clouds
57,Arman,RU,59.7,150.1667,41.02,88,100,6.85,overcast clouds
58,Minudasht,IR,37.2289,55.3747,71.92,39,0,3.76,clear sky
59,Port Augusta,AU,-32.5,137.7667,56.82,86,74,17.25,broken clouds
60,Liverpool,GB,53.4106,-2.9779,60.75,78,100,5.75,overcast clouds
61,Georgetown,MY,5.4112,100.3354,78.73,94,40,2.3,scattered clouds
62,Nelson Bay,AU,-32.7167,152.15,64.0,88,100,10.0,light rain
63,Portland,US,45.5234,-122.6762,85.68,26,20,8.05,few clouds
64,Elizabeth City,US,36.2946,-76.2511,90.01,56,0,11.5,clear sky
65,Qaanaaq,GL,77.484,-69.3632,24.33,63,100,6.15,overcast clouds
66,Agapovka,RU,53.2973,59.1348,54.61,33,77,4.27,broken clouds
67,Meulaboh,ID,4.1363,96.1285,75.78,91,100,4.52,overcast clouds
68,Tiksi,RU,71.6872,128.8694,31.98,96,100,10.87,light snow
69,East London,ZA,-33.0153,27.9116,59.58,71,38,7.11,scattered clouds
70,Kaduqli,SD,11.0167,29.7167,74.59,85,99,1.77,overcast clouds
71,San Cristobal,VE,7.7669,-72.225,78.98,54,67,2.19,broken clouds
72,Ancud,CL,-41.8697,-73.8203,47.23,77,42,5.1,light rain
73,Punta Arenas,CL,-53.15,-70.9167,55.51,35,75,8.05,broken clouds
74,Uruzgan,AF,32.8333,66.0,67.46,22,0,2.37,clear sky
75,New Norfolk,AU,-42.7826,147.0587,53.1,66,89,1.01,overcast clouds
76,Ternate,ID,0.8,127.4,79.9,78,90,1.66,moderate rain
77,Nioro,GM,13.35,-15.75,74.14,96,100,4.18,overcast clouds
78,Ribeira Grande,PT,38.5167,-28.7,75.6,83,20,5.75,few clouds
79,Ust-Kulom,RU,61.6864,53.6902,53.06,72,76,13.85,broken clouds
80,Tuatapere,NZ,-46.1333,167.6833,49.35,93,100,0.83,overcast clouds
81,Drammen,NO,59.7439,10.2045,43.9,73,5,1.45,clear sky
82,Rock Sound,BS,24.9,-76.2,84.07,73,0,17.07,clear sky
83,Bredasdorp,ZA,-34.5322,20.0403,50.86,91,0,1.39,clear sky
84,Kudat,MY,6.8837,116.8477,77.29,94,20,1.14,light rain
85,Fort Morgan,US,40.2503,-103.8,94.42,9,0,4.61,clear sky
86,Husavik,IS,66.0449,-17.3389,52.75,82,64,2.95,broken clouds
87,Mahebourg,MU,-20.4081,57.7,71.26,88,40,11.5,scattered clouds
88,Makakilo City,US,21.3469,-158.0858,84.56,55,20,16.11,few clouds
89,Salazie,RE,-21.0273,55.539,64.06,97,100,16.11,moderate rain
90,Kapaa,US,22.0752,-159.319,84.18,68,40,12.66,scattered clouds
91,Ixtapa,MX,20.7,-105.2,83.43,79,75,10.36,broken clouds
92,Marystown,CA,47.1666,-55.1483,56.86,100,31,1.01,scattered clouds
93,Barrow,US,71.2906,-156.7887,37.42,87,20,6.91,few clouds
94,Saint-Joseph,RE,-21.3667,55.6167,68.38,84,34,13.56,light rain
95,Rawson,AR,-43.3002,-65.1023,48.49,93,100,8.05,light rain
96,Coquimbo,CL,-29.9533,-71.3436,60.53,55,0,13.8,clear sky
97,Namibe,AO,-15.1961,12.1522,63.0,90,11,2.24,few clouds
98,Flinders,AU,-34.5833,150.8552,62.38,84,100,5.01,overcast clouds
99,Golden Gate,US,26.1879,-81.6951,86.99,100,100,3.44,light rain
100,Atuona,PF,-9.8,-139.0333,76.21,77,37,20.92,light rain
101,Vestmannaeyjar,IS,63.4427,-20.2734,52.41,93,100,9.8,overcast clouds
102,Cap Malheureux,MU,-19.9842,57.6142,71.47,74,5,7.0,clear sky
103,Tugdan,PH,12.3134,122.0853,79.27,76,100,2.71,overcast clouds
104,Sovetskiy,RU,61.3614,63.5842,54.32,85,21,8.59,few clouds
105,Katsuura,JP,35.1333,140.3,66.76,85,100,18.45,overcast clouds
106,Lebu,CL,-37.6167,-73.65,49.69,68,53,9.37,broken clouds
107,Palmer,US,42.1584,-72.3287,74.91,75,75,8.05,broken clouds
108,Kerema,PG,-7.9631,145.7785,77.99,84,46,7.38,scattered clouds
109,Matara,LK,5.9485,80.5353,77.2,89,19,9.06,few clouds
110,Adrar,MR,20.5022,-10.0711,96.51,16,100,8.7,overcast clouds
111,Vestmanna,FO,62.1564,-7.1664,50.92,93,100,10.36,light rain
112,Okhotsk,RU,59.3833,143.3,37.71,63,24,13.44,few clouds
113,Onega,RU,63.9061,38.1404,47.88,91,100,14.14,overcast clouds
114,Andros Town,BS,24.7,-77.7667,84.78,70,1,13.82,clear sky
115,Manokwari,ID,-0.8667,134.0833,77.4,81,100,0.65,overcast clouds
116,Hervey Bay,AU,-25.2986,152.8535,67.98,74,33,8.28,scattered clouds
117,Teguldet,RU,57.3064,88.1667,39.02,95,94,3.11,overcast clouds
118,Mandapam,IN,9.2833,79.1167,82.89,77,55,12.33,broken clouds
119,Chokurdakh,RU,70.6333,147.9167,31.66,93,100,14.43,light snow
120,Valparaiso,CL,-33.0393,-71.6273,59.23,97,40,16.11,scattered clouds
121,Malakal,SS,9.5334,31.6605,73.72,86,94,1.66,overcast clouds
122,Saint-Augustin,CA,51.226,-58.6502,56.61,52,0,8.03,clear sky
123,Lebork,PL,54.5392,17.7501,51.93,95,69,5.03,broken clouds
124,Kaeo,NZ,-35.1,173.7833,59.32,97,40,5.86,scattered clouds
125,Jamestown,US,42.097,-79.2353,75.02,48,0,11.5,clear sky
126,Plettenberg Bay,ZA,-34.0527,23.3716,55.69,78,0,6.13,clear sky
127,Ahipara,NZ,-35.1667,173.1667,60.06,87,8,4.61,clear sky
128,Toledo,ES,39.8333,-4.0,78.31,48,0,1.77,clear sky
129,Namatanai,PG,-3.6667,152.4333,77.95,85,100,5.41,moderate rain
130,Kloulklubed,PW,7.0419,134.2556,75.7,71,100,5.26,overcast clouds
131,Ilulissat,GL,69.2167,-51.1,37.42,93,75,8.05,light intensity drizzle rain
132,Faya,SA,18.3851,42.4509,64.51,54,96,2.98,overcast clouds
133,Nordby,DK,55.446,8.3979,49.05,87,5,2.3,clear sky
134,Bara,NG,10.3744,10.7288,74.64,87,13,3.6,few clouds
135,Arraial Do Cabo,BR,-22.9661,-42.0278,75.06,69,0,10.36,clear sky
136,Emerald,AU,-23.5333,148.1667,67.33,86,84,16.87,broken clouds
137,Cardross,GB,55.9667,-4.6333,58.55,76,75,5.75,broken clouds
138,Yellowknife,CA,62.456,-114.3525,55.92,50,20,8.05,few clouds
139,Ostrovnoy,RU,68.0531,39.5131,44.6,92,100,25.48,light rain
140,Morondava,MG,-20.2833,44.2833,73.2,75,0,10.78,clear sky
141,Constitucion,CL,-35.3333,-72.4167,51.82,63,3,11.97,clear sky
142,Las Matas De Farfan,DO,18.8731,-71.5166,80.44,77,100,3.65,overcast clouds
143,Nikolskoye,RU,59.7035,30.7861,49.91,95,74,3.42,broken clouds
144,Atambua,ID,-9.1061,124.8925,72.39,88,36,4.12,scattered clouds
145,Kapit,MY,2.0167,112.9333,70.84,99,71,1.59,light rain
146,Touros,BR,-5.1989,-35.4608,76.8,75,23,13.91,few clouds
147,Hunterville,NZ,-39.9333,175.5667,54.55,78,57,1.32,broken clouds
148,Kieta,PG,-6.2167,155.6333,79.02,84,99,3.8,light rain
149,Talnakh,RU,69.4865,88.3972,27.21,73,100,9.06,overcast clouds
150,Petropavlovsk-Kamchatskiy,RU,53.0452,158.6483,46.78,81,75,4.47,broken clouds
151,Codrington,AU,-38.2667,141.9667,50.97,93,100,7.54,light rain
152,Vysokogornyy,RU,50.1167,139.15,25.95,96,23,4.25,few clouds
153,Hilo,US,19.7297,-155.09,84.27,57,0,5.99,clear sky
154,Faanui,PF,-16.4833,-151.75,77.86,75,9,16.13,clear sky
155,Narsaq,GL,60.9167,-46.05,44.82,81,13,2.48,few clouds
156,Hualmay,PE,-11.0964,-77.6139,64.6,74,23,13.47,few clouds
157,Pevek,RU,69.7008,170.3133,37.11,61,82,13.2,broken clouds
158,Longyearbyen,SJ,78.2186,15.6401,35.44,75,75,21.85,broken clouds
159,Cabo San Lucas,MX,22.8909,-109.9124,85.6,83,100,11.5,overcast clouds
160,Siyabuswa,ZA,-25.1132,29.0445,62.6,83,4,9.93,light rain
161,Conceicao Do Araguaia,BR,-8.2578,-49.2647,95.5,22,21,3.0,few clouds
162,Honningsvag,NO,70.9821,25.9704,42.55,70,75,8.05,light rain
163,Jiayuguan,CN,39.8167,98.3,61.99,32,0,7.02,clear sky
164,Tranas,SE,58.0372,14.9782,38.39,82,43,0.76,scattered clouds
165,Aberdeen,GB,57.1437,-2.0981,61.29,85,100,6.91,overcast clouds
166,Labytnangi,RU,66.6572,66.4183,48.69,97,98,10.25,overcast clouds
167,Mecca,SA,21.4267,39.8261,85.62,29,3,5.35,clear sky
168,Luwuk,ID,-0.9516,122.7875,75.4,88,73,3.98,broken clouds
169,Vila Franca Do Campo,PT,37.7167,-25.4333,77.2,80,92,2.13,overcast clouds
170,Chojnow,PL,51.2737,15.9366,48.27,85,70,8.86,broken clouds
171,Nuuk,GL,64.1835,-51.7216,39.81,93,75,9.22,broken clouds
172,Bonthe,SL,7.5264,-12.505,76.77,87,100,8.1,light rain
173,Arlit,NE,18.7369,7.3853,93.67,30,82,7.63,broken clouds
174,Dudinka,RU,69.4058,86.1778,27.63,69,100,11.9,overcast clouds
175,Half Moon Bay,US,37.4636,-122.4286,80.55,61,20,9.22,few clouds
176,Ginda,IN,30.6945,78.4932,63.03,86,91,3.89,overcast clouds
177,Cherskiy,RU,68.75,161.3,38.3,63,100,15.99,light rain
178,Sitka,US,57.0531,-135.33,57.09,72,75,3.44,broken clouds
179,Uyuni,BO,-20.4597,-66.825,52.77,10,0,31.85,clear sky
180,Beidao,CN,34.5686,105.8933,52.61,92,87,2.53,overcast clouds
181,Stokmarknes,NO,68.5646,14.9108,48.16,71,100,5.75,overcast clouds
182,Norman Wells,CA,65.282,-126.8329,53.64,54,75,8.05,broken clouds
183,Kontagora,NG,10.3999,5.4695,72.27,94,6,2.48,clear sky
184,Port Macquarie,AU,-31.4333,152.9167,56.89,78,100,11.05,moderate rain
185,Miles City,US,46.4083,-105.8406,61.77,48,0,12.66,clear sky
186,Syamzha,RU,60.0158,41.0614,48.0,95,100,9.37,overcast clouds
187,Burnie,AU,-41.0667,145.9167,51.94,86,100,7.61,overcast clouds
188,Kodiak,US,57.79,-152.4072,54.91,62,0,12.66,clear sky
189,Naze,JP,28.3667,129.4833,68.92,75,3,8.12,clear sky
190,Saskylakh,RU,71.9167,114.0833,24.89,87,100,18.72,overcast clouds
191,Baltay,RU,52.4652,46.6308,55.92,67,52,6.15,broken clouds
192,Tombouctou,ML,20.0,-3.0,95.31,30,30,7.45,scattered clouds
193,Olafsvik,IS,64.8945,-23.7142,50.47,90,89,10.87,overcast clouds
194,Wangqing,CN,43.3218,129.7634,37.11,83,0,1.54,clear sky
195,Lohardaga,IN,23.4333,84.6833,71.92,98,90,4.88,overcast clouds
196,Nong Chik,TH,6.8436,101.178,78.55,82,100,7.49,overcast clouds
197,Chardara,KZ,41.2547,67.9692,70.93,34,0,8.63,clear sky
198,Champerico,GT,14.3,-91.9167,90.14,75,40,9.19,scattered clouds
199,Hit,IQ,33.6416,42.8251,87.21,15,0,3.65,clear sky
200,Puro,PH,12.4841,123.3827,79.65,82,100,6.08,overcast clouds
201,Muros,ES,42.7762,-9.0603,69.84,81,1,6.69,clear sky
202,Muzhi,RU,65.3667,64.6667,49.77,81,29,17.96,scattered clouds
203,Anton Lizardo,MX,19.05,-95.9833,86.22,75,100,10.18,overcast clouds
204,Chumikan,RU,54.7183,135.315,37.36,73,4,17.92,clear sky
205,Klaksvik,FO,62.2266,-6.589,52.72,95,100,10.04,overcast clouds
206,Kahului,US,20.8947,-156.47,87.82,62,20,24.16,few clouds
207,Marabba,SD,12.35,32.1833,79.65,72,100,5.19,overcast clouds
208,Soyo,AO,-6.1349,12.3689,73.81,87,35,9.08,scattered clouds
209,Baie-Saint-Paul,CA,47.4411,-70.4986,54.99,80,100,4.09,overcast clouds
210,Kangaatsiaq,GL,68.3065,-53.4641,37.45,81,100,14.7,overcast clouds
211,Berdigestyakh,RU,62.0989,126.6992,24.75,84,90,5.88,overcast clouds
212,Esperance,AU,-33.8667,121.9,53.46,86,0,12.91,clear sky
213,Ponta Do Sol,PT,32.6667,-17.1,75.0,95,52,3.91,broken clouds
214,Los Llanos De Aridane,ES,28.6585,-17.9182,71.35,92,100,6.91,overcast clouds
215,Fort Nelson,CA,58.8053,-122.7002,54.99,47,75,3.44,broken clouds
216,Labuhan,ID,-6.8844,112.2051,77.41,82,100,7.58,overcast clouds
217,Arrifes,PT,37.7667,-25.7,75.24,73,20,4.61,few clouds
218,Rio Blanco,MX,18.8333,-97.15,73.71,73,100,8.19,overcast clouds
219,Pisco,PE,-13.7,-76.2167,68.05,64,0,18.41,clear sky
220,Havre-Saint-Pierre,CA,50.2334,-63.5986,57.56,51,0,9.22,clear sky
221,Chirongui,YT,-12.9319,45.1483,75.13,78,24,6.15,few clouds
222,Monastyryshche,UA,48.9909,29.8047,46.27,93,96,14.38,moderate rain
223,Najran,SA,17.4924,44.1277,81.25,34,87,4.74,overcast clouds
224,Hasaki,JP,35.7333,140.8333,63.28,72,100,21.72,overcast clouds
225,Dingle,PH,10.9995,122.6711,75.88,88,100,2.1,overcast clouds
226,Aripuana,BR,-9.1667,-60.6333,90.9,38,75,3.91,broken clouds
227,Tahta,EG,26.7693,31.5021,80.71,31,0,5.99,clear sky
228,Tromso,NO,69.6496,18.957,42.82,70,75,13.8,broken clouds
229,Rundu,NA,-17.9333,19.7667,64.06,18,0,7.47,clear sky
230,Beaver Dam,US,43.4578,-88.8373,78.42,83,0,6.91,clear sky
231,Skelleftea,SE,64.7507,20.9528,34.16,100,0,5.75,clear sky
232,Presidencia Roque Saenz Pena,AR,-26.7852,-60.4388,68.09,73,96,7.96,overcast clouds
233,Plouzane,FR,48.3833,-4.6167,57.25,91,0,6.91,clear sky
234,Bengkulu,ID,-3.8004,102.2655,74.82,91,100,5.01,overcast clouds
235,Fairbanks,US,64.8378,-147.7164,46.36,84,75,5.75,broken clouds
236,Sioux Lookout,CA,50.1001,-91.917,73.47,68,40,10.36,scattered clouds
237,Kushiro,JP,42.975,144.3747,54.23,70,100,4.76,overcast clouds
238,Aleksandrovskoye,RU,44.7142,43.0008,64.74,65,100,4.43,overcast clouds
239,Rantauprapat,ID,2.1,99.8333,72.82,99,99,2.26,overcast clouds
240,Mago,RU,53.2514,140.1822,32.65,81,3,4.63,clear sky
241,Lompoc,US,34.6391,-120.4579,80.69,71,40,9.22,scattered clouds
242,Sangmelima,CM,2.9333,11.9833,67.33,99,100,2.57,overcast clouds
243,Am Timan,TD,11.0297,20.2827,69.31,89,100,3.89,overcast clouds
244,Matina,CR,10.0761,-83.2895,84.07,69,86,5.06,overcast clouds
245,Tasiilaq,GL,65.6145,-37.6368,39.36,98,100,5.75,light rain
246,Tokur,RU,53.1333,132.9,28.2,87,90,3.91,overcast clouds
247,Khatanga,RU,71.9667,102.5,21.81,91,94,6.51,overcast clouds
248,Comodoro Rivadavia,AR,-45.8667,-67.5,44.46,100,100,12.66,moderate rain
249,Hithadhoo,MV,-0.6,73.0833,81.52,71,8,4.74,clear sky
250,Pandan,PH,14.0453,124.1694,77.27,90,100,10.76,overcast clouds
251,Urman,RU,54.8831,56.8742,56.59,59,98,2.66,overcast clouds
252,Galveston,US,29.3669,-94.9669,95.18,61,40,9.22,scattered clouds
253,Egvekinot,RU,66.3167,-179.1667,34.83,86,33,7.45,scattered clouds
254,Calvinia,ZA,-31.4707,19.776,52.43,33,0,5.95,clear sky
255,Jinchang,CN,38.4953,102.1739,61.18,47,35,4.79,scattered clouds
256,Iqaluit,CA,63.7506,-68.5145,38.93,93,100,0.0,overcast clouds
257,Wuzhou,CN,23.4833,111.3167,74.8,82,57,2.93,broken clouds
258,Tuktoyaktuk,CA,69.4541,-133.0374,44.6,87,100,9.22,light rain
259,Uniontown,US,39.9001,-79.7164,80.11,41,13,3.0,few clouds
260,Ambilobe,MG,-13.2,49.05,74.3,53,97,6.51,overcast clouds
261,Grindavik,IS,63.8424,-22.4338,51.75,100,40,6.91,scattered clouds
262,Padang,ID,-0.9492,100.3543,76.42,88,98,3.87,overcast clouds
263,Sao Filipe,CV,14.8961,-24.4956,79.2,76,26,7.74,scattered clouds
264,Doctor Juan Leon Mallorquin,PY,-25.4,-55.2667,73.13,68,87,1.57,overcast clouds
265,Rawlins,US,41.7911,-107.2387,80.49,19,20,18.41,few clouds
266,College,US,64.8569,-147.8028,46.35,84,75,5.75,broken clouds
267,Rosario Oeste,BR,-14.8361,-56.4275,94.95,32,86,5.86,overcast clouds
268,Sur,OM,22.5667,59.5289,82.72,69,0,9.48,clear sky
269,Anupgarh,IN,29.1911,73.2086,87.67,40,3,10.11,clear sky
270,Bethel,US,41.3712,-73.414,76.66,61,20,6.91,few clouds
271,Cidreira,BR,-30.1811,-50.2056,62.01,86,98,11.52,overcast clouds
272,Jalu,LY,29.0331,21.5482,87.1,26,0,6.8,clear sky
273,Banjarmasin,ID,-3.3244,114.591,73.54,96,100,2.98,overcast clouds
274,Waddan,LY,29.1614,16.139,90.99,13,2,7.11,clear sky
275,Tazmalt,DZ,36.3868,4.3989,71.13,67,100,5.12,overcast clouds
276,Avila,ES,40.5833,-5.0,68.65,54,4,2.06,clear sky
277,Daman,IN,20.4167,72.85,77.5,84,68,5.48,broken clouds
278,Sapa,PH,5.1544,120.3241,80.92,77,100,3.91,overcast clouds
279,Eidsvoll,NO,60.3305,11.2616,41.77,89,0,5.75,clear sky
280,Souillac,MU,-20.5167,57.5167,70.18,88,40,11.5,light rain
281,Kamaishi,JP,39.2667,141.8833,55.92,75,72,6.46,broken clouds
282,Sao Felix Do Xingu,BR,-6.6447,-51.995,90.43,30,72,1.79,broken clouds
283,Siderno,IT,38.2779,16.302,67.33,80,55,4.83,broken clouds
284,Lamu,KE,-2.2717,40.902,75.42,79,64,12.77,broken clouds
285,Chunoyar,RU,57.4467,97.3217,34.02,87,39,10.92,scattered clouds
286,Naron,ES,43.5167,-8.1528,68.85,81,0,11.97,clear sky
287,Doctor Phillips,US,28.4495,-81.4923,89.06,75,75,23.02,mist
288,Taldan,RU,53.6667,124.8,33.94,87,100,0.31,overcast clouds
289,Sangar,RU,63.9242,127.4739,25.25,78,9,5.79,clear sky
290,Vallenar,CL,-28.5708,-70.7581,64.65,33,0,8.61,clear sky
291,Zhigansk,RU,66.7697,123.3711,28.35,88,89,15.59,overcast clouds
292,Miyakonojo,JP,31.7333,131.0667,63.09,87,91,4.03,overcast clouds
293,Victoria,HK,22.2855,114.1577,84.38,83,55,8.01,broken clouds
294,Hofn,IS,64.2539,-15.2082,51.31,99,100,5.75,overcast clouds
295,Henties Bay,NA,-22.116,14.2845,55.98,70,0,3.76,clear sky
296,Yulara,AU,-25.2406,130.9889,53.85,51,0,9.6,clear sky
297,Saquena,PE,-4.6667,-73.5167,75.27,92,60,8.88,broken clouds
298,Port-Gentil,GA,-0.7193,8.7815,78.76,83,75,12.66,broken clouds
299,Amot,NO,59.5714,7.9877,41.58,75,10,4.16,clear sky
300,Vila Velha,BR,-20.3297,-40.2925,76.95,83,0,18.41,clear sky
301,Aykino,RU,62.2248,49.9922,47.95,94,98,11.14,overcast clouds
302,San Patricio,US,28.017,-97.5169,91.49,48,25,13.15,scattered clouds
303,Luderitz,NA,-26.6481,15.1594,64.98,35,0,9.48,clear sky
304,Hovd,MN,48.0056,91.6419,46.6,33,1,1.99,clear sky
305,Mogok,MM,22.9167,96.5,66.04,98,100,2.26,overcast clouds
306,Yarada,IN,17.65,83.2667,79.12,94,75,2.3,mist
307,Beringovskiy,RU,63.05,179.3167,43.72,82,100,19.28,overcast clouds
308,Christchurch,NZ,-43.5333,172.6333,51.91,86,100,11.5,light rain
309,Batemans Bay,AU,-35.7167,150.1833,56.1,82,100,5.39,overcast clouds
310,Tamworth,GB,52.634,-1.6959,61.02,71,100,2.66,overcast clouds
311,Buala,SB,-8.145,159.5921,80.51,78,100,4.72,moderate rain
312,Mawlaik,MM,23.6333,94.4167,74.62,99,77,0.65,broken clouds
313,Filadelfia,US,39.9523,-75.1638,82.29,48,40,16.11,scattered clouds
314,Fare,PF,-16.7,-151.0167,78.22,74,2,14.94,clear sky
315,Tilichiki,RU,60.4667,166.1,48.52,96,100,15.95,moderate rain
316,Pleshanovo,RU,52.8333,53.4833,64.63,32,99,4.63,overcast clouds
317,Maniitsoq,GL,65.4167,-52.9,39.6,85,56,6.44,broken clouds
318,Nsanje,MW,-16.92,35.262,80.73,32,1,3.02,clear sky
319,Lasa,IT,46.6166,10.7002,56.28,88,14,5.88,few clouds
320,Oksovskiy,RU,62.6062,39.8984,47.93,88,97,11.14,overcast clouds
321,Nouadhibou,MR,20.931,-17.0347,75.18,78,8,19.57,clear sky
322,Nador,MA,35.174,-2.9287,73.65,88,0,4.61,clear sky
323,Akyab,MM,20.15,92.9,79.3,84,91,3.91,overcast clouds
324,Anadyr,RU,64.75,177.4833,41.0,75,20,17.0,few clouds
325,Lavrentiya,RU,65.5833,-171.0,39.34,70,14,5.21,few clouds
326,Mangaratiba,BR,-22.9597,-44.0406,72.46,85,80,2.24,broken clouds
327,Komsomolskiy,UZ,40.4272,71.7189,70.52,43,14,4.61,few clouds
328,Zyryanka,RU,65.75,150.85,34.77,98,100,14.92,snow
329,Chiredzi,ZW,-21.05,31.6667,64.92,80,27,12.68,scattered clouds
330,Seoul,KR,37.5683,126.9778,56.64,85,0,2.3,clear sky
331,Saint Anthony,US,45.0205,-93.218,93.15,60,0,10.36,clear sky
332,Hami,CN,42.8,93.45,66.99,26,1,10.45,clear sky
333,Mehran,IR,33.1222,46.1646,90.52,8,39,7.45,scattered clouds
334,Canyon,US,34.9803,-101.9188,92.25,33,1,16.37,clear sky
335,Salalah,OM,17.0151,54.0924,78.89,94,75,5.75,broken clouds
336,Onguday,RU,50.75,86.15,44.15,81,13,1.79,few clouds
337,Laguna,US,38.421,-121.4238,77.31,61,40,5.99,scattered clouds
338,Eureka,US,40.8021,-124.1637,75.74,74,23,8.01,few clouds
339,Sivaki,RU,52.6333,126.75,38.35,74,77,5.14,broken clouds
340,Dunedin,NZ,-45.8742,170.5036,48.79,92,68,6.15,broken clouds
341,Shingu,JP,33.7333,135.9833,64.49,74,99,4.99,overcast clouds
342,Torres,BR,-29.3353,-49.7269,63.93,83,34,13.8,scattered clouds
343,Annau,TM,37.8876,58.516,72.9,33,0,4.61,clear sky
344,Ferme-Neuve,CA,46.7001,-75.4493,57.78,76,97,4.81,overcast clouds
345,Arcata,US,40.8665,-124.0828,75.74,73,0,9.22,clear sky
346,Port Washington,US,40.8257,-73.6982,80.62,55,75,11.5,broken clouds
347,Mount Pleasant,US,32.7941,-79.8626,91.54,58,40,8.05,scattered clouds
348,Udachnyy,RU,66.4167,112.4,25.45,92,100,13.87,overcast clouds
349,Kang,BW,-23.6752,22.7876,50.67,36,0,8.12,clear sky
350,Bushenyi,UG,-0.5853,30.2114,61.52,82,45,0.78,scattered clouds
351,Agirish,RU,61.9247,63.0231,53.01,80,5,10.92,clear sky
352,Mattru,SL,7.6244,-11.8332,72.64,98,91,3.2,light rain
353,Aasiaat,GL,68.7098,-52.8699,35.85,85,100,11.61,overcast clouds
354,Aklavik,CA,68.2191,-135.0107,44.6,93,75,2.3,broken clouds
355,Hamilton,US,39.1834,-84.5333,89.78,54,0,3.0,clear sky
356,Port Hardy,CA,50.6996,-127.4199,59.18,72,20,4.61,few clouds
357,High Level,CA,58.5169,-117.136,57.31,54,20,5.75,few clouds
358,Vao,NC,-22.6667,167.4833,73.67,79,0,8.16,clear sky
359,Birao,CF,10.2849,22.7882,72.93,90,19,1.92,light rain
360,Port Lincoln,AU,-34.7333,135.8667,55.26,86,71,17.72,broken clouds
361,Sakakah,SA,29.9697,40.2064,83.77,27,0,7.23,clear sky
362,Rio Gallegos,AR,-51.6226,-69.2181,46.45,49,0,20.71,clear sky
363,Amapa,BR,1.0,-52.0,79.0,71,98,8.41,overcast clouds
364,Oussouye,SN,12.485,-16.5469,78.98,96,100,4.74,light rain
365,Laguna De Perlas,NI,12.3429,-83.6712,84.29,81,61,1.88,broken clouds
366,Pomezia,IT,41.667,12.5052,70.92,75,40,3.44,scattered clouds
367,Hameenlinna,FI,60.996,24.4643,47.14,86,92,6.17,overcast clouds
368,Scarborough,GB,54.2797,-0.4044,58.91,77,85,1.01,overcast clouds
369,Severo-Kurilsk,RU,50.6789,156.125,49.48,73,55,15.43,broken clouds
370,Guerrero Negro,MX,27.9769,-114.0611,77.25,62,20,14.52,few clouds
371,Pindiga,NG,9.9833,10.9333,72.48,87,28,2.66,scattered clouds
372,Phibun Mangsahan,TH,15.2447,105.2291,73.38,94,100,2.26,heavy intensity rain
373,Sinazongwe,ZM,-17.2614,27.4618,79.29,44,54,3.47,broken clouds
374,Deputatskiy,RU,69.3,139.9,24.82,97,100,4.81,light snow
375,Carangola,BR,-20.7331,-42.0294,74.71,68,84,3.85,broken clouds
376,Grootfontein,NA,-19.5667,18.1167,49.57,32,0,2.3,clear sky
377,Lorengau,PG,-2.0226,147.2712,81.1,78,99,8.12,overcast clouds
378,Capelle,DE,51.7317,7.5923,52.14,80,9,3.44,clear sky
379,Sura Mare,RO,45.85,24.1667,48.06,82,40,2.3,scattered clouds
380,Cabedelo,BR,-6.9811,-34.8339,79.47,77,22,12.06,few clouds
381,Sola,VU,-13.8833,167.55,80.24,78,77,17.85,broken clouds
382,Tezu,IN,27.9167,96.1667,74.19,97,99,3.11,moderate rain
383,Kozluk,TR,38.1938,41.4885,71.85,22,78,8.39,light rain
384,Auburn,US,47.3073,-122.2284,81.12,38,0,11.5,clear sky
385,Lismore,AU,-28.8135,153.2773,61.93,94,100,3.44,mist
386,Caravelas,BR,-17.7125,-39.2481,72.19,78,15,8.9,few clouds
387,Jinka,ET,5.65,36.65,70.27,49,100,2.68,overcast clouds
388,Tazovskiy,RU,67.4667,78.7,35.37,81,100,23.13,light rain
389,Verkhnevilyuysk,RU,63.4453,120.3167,26.56,80,100,4.0,overcast clouds
390,Bazarnyye Mataki,RU,54.8833,49.9333,57.06,51,70,0.81,broken clouds
391,Asau,RO,46.4333,26.4,45.52,86,15,4.47,few clouds
392,Srednekolymsk,RU,67.45,153.6833,36.64,91,100,20.36,overcast clouds
393,Kropotkin,RU,45.4375,40.5756,66.25,78,100,5.35,overcast clouds
394,Otavi,NA,-19.65,17.3333,65.07,17,0,8.25,clear sky
395,Acapulco,MX,16.8634,-99.8901,84.02,74,100,9.22,overcast clouds
396,Pyshma,RU,56.9523,63.2513,59.9,53,98,6.08,overcast clouds
397,Coihaique,CL,-45.5752,-72.0662,46.35,66,75,6.91,broken clouds
398,Haltern,DE,51.743,7.1816,52.56,83,19,4.29,few clouds
399,Tiznit,MA,29.5833,-9.5,73.29,58,11,1.77,light rain
400,Marakkanam,IN,12.2,79.95,81.43,78,100,12.33,overcast clouds
401,Gandai,IN,21.6667,81.1,75.56,92,100,7.02,overcast clouds
402,Canto Do Buriti,BR,-8.11,-42.9444,90.66,27,13,7.81,few clouds
403,Bambous Virieux,MU,-20.3428,57.7575,71.22,88,40,11.5,light rain
404,Osoyoos,CA,49.0331,-119.4524,70.21,35,0,8.05,clear sky
405,Alice Springs,AU,-23.7,133.8833,57.22,26,2,5.75,clear sky
406,Mogwase,ZA,-25.185,27.2665,61.68,21,33,7.87,scattered clouds
407,Pokhara,NP,28.2333,83.9833,70.54,90,100,3.94,overcast clouds
408,Dire,ML,12.2833,-10.9667,74.75,92,100,1.45,overcast clouds
409,Varnamo,SE,57.186,14.04,44.06,85,24,1.01,few clouds
410,Waipawa,NZ,-41.4122,175.5153,54.16,74,2,3.06,clear sky
411,Mount Isa,AU,-20.7333,139.5,69.57,100,40,1.14,scattered clouds
412,Kalmunai,LK,7.4167,81.8167,79.56,76,10,2.68,clear sky
413,Wenzhou,CN,27.9994,120.6668,67.28,77,43,3.98,scattered clouds
414,Hun,LY,29.1268,15.9477,90.77,13,2,5.77,clear sky
415,Kuala Terengganu,MY,5.3302,103.1408,75.15,94,20,3.44,few clouds
416,Noumea,NC,-22.2763,166.4572,77.0,99,0,2.66,clear sky
417,Bubaque,GW,11.2833,-15.8333,76.78,87,100,6.64,light rain
418,Baykalsk,RU,51.5058,104.1469,47.32,82,100,5.82,overcast clouds
419,Katangli,RU,51.7102,143.2326,38.16,80,6,11.79,clear sky
420,Farmington,US,36.7281,-108.2187,85.21,31,0,6.91,clear sky
421,Inongo,CD,-1.95,18.2667,69.48,94,98,3.29,overcast clouds
422,Diamantino,BR,-14.4086,-56.4461,90.79,37,84,7.7,moderate rain
423,Manicore,BR,-5.8092,-61.3003,93.15,49,0,5.75,clear sky
424,Wanaka,NZ,-44.7,169.15,45.1,93,40,1.12,scattered clouds
425,Orange Cove,US,36.6244,-119.3137,83.25,46,40,0.0,scattered clouds
426,Negombo,LK,7.2083,79.8358,80.65,89,40,5.75,scattered clouds
427,Kawalu,ID,-7.3817,108.2082,70.75,97,100,0.76,overcast clouds
428,Vanimo,PG,-2.6741,141.3028,76.68,87,100,4.88,overcast clouds
429,Bandarban,BD,22.1965,92.2262,74.08,92,6,2.89,clear sky
430,Broken Hill,AU,-31.95,141.4333,53.17,90,87,24.49,overcast clouds
431,Antalaha,MG,-14.9003,50.2788,67.19,83,19,8.19,light rain
432,Poum,NC,-20.2333,164.0167,75.09,78,0,11.34,clear sky
433,Kenora,CA,49.8167,-94.4337,68.97,56,75,15.01,broken clouds
434,Tessalit,ML,20.1986,1.0114,95.02,26,61,11.23,broken clouds
435,Gamba,GA,-2.65,10.0,75.2,86,100,6.87,overcast clouds
436,Badiraguato,MX,25.3667,-107.5167,87.71,84,88,3.78,overcast clouds
437,Hospet,IN,15.2667,76.4,70.9,85,100,9.62,overcast clouds
438,Fortuna,US,40.5982,-124.1573,73.92,71,32,5.99,scattered clouds
439,San Ignacio,BZ,17.1561,-89.0714,89.74,62,20,4.61,few clouds
440,Nipawin,CA,53.3668,-104.0009,57.24,100,100,13.8,overcast clouds
441,Fougeres,FR,48.35,-1.2,57.06,90,60,7.65,broken clouds
442,Mangrol,IN,21.1167,70.1167,78.84,77,8,9.31,clear sky
443,Flin Flon,CA,54.7682,-101.865,51.64,93,100,6.91,overcast clouds
444,Phek,IN,25.6667,94.5,61.41,99,100,1.63,moderate rain
445,Xuanzhou,CN,30.9525,118.7553,63.41,80,100,5.06,overcast clouds
446,Polis,CY,35.0367,32.4264,78.62,73,39,5.55,scattered clouds
447,Saint-Louis,SN,16.3333,-15.0,93.07,43,92,12.84,overcast clouds
448,Umm Lajj,SA,25.0213,37.2685,80.87,56,0,2.21,clear sky
449,Culleredo,ES,43.2879,-8.3886,69.62,66,0,5.01,clear sky
450,Wanning,CN,18.8003,110.3967,79.03,82,99,0.92,overcast clouds
451,Warrington,GB,53.3925,-2.5802,60.91,80,100,5.75,overcast clouds
452,Hambantota,LK,6.1241,81.1185,79.34,82,8,16.98,clear sky
453,Fukue,JP,32.6881,128.8419,70.03,62,84,28.77,broken clouds
454,Marsh Harbour,BS,26.5412,-77.0636,84.6,70,0,11.77,clear sky
455,Novikovo,RU,51.1537,37.8879,53.96,66,100,6.53,overcast clouds
456,Bose,IT,45.4612,8.0137,60.3,62,1,5.5,clear sky
457,Anyama,CI,5.4946,-4.0518,74.05,90,73,4.88,broken clouds
458,Pasni,PK,25.2631,63.471,79.39,79,55,7.31,broken clouds
459,Waverly,US,42.7392,-84.6208,73.56,64,0,14.97,clear sky
460,Xuddur,SO,4.1213,43.8894,73.72,72,100,15.77,overcast clouds
461,Beaverlodge,CA,55.2166,-119.4361,58.35,35,11,5.01,few clouds
462,Virginia Beach,US,36.8529,-75.978,89.64,50,20,9.22,few clouds
463,Bambanglipuro,ID,-7.95,110.2833,75.24,89,100,4.81,overcast clouds
464,Chernyshevskiy,RU,63.0128,112.4714,33.37,97,100,10.11,light snow
465,Beloha,MG,-25.1667,45.05,70.57,67,0,6.35,clear sky
466,Sambava,MG,-14.2667,50.1667,67.86,86,21,12.37,light rain
467,Te Anau,NZ,-45.4167,167.7167,45.03,90,91,0.78,overcast clouds
468,San Andres,CO,12.5847,-81.7006,86.02,66,100,6.91,overcast clouds
469,Tanete,ID,-3.9443,119.7848,72.3,96,100,3.15,overcast clouds
470,Muttupet,IN,10.4,79.4833,80.67,84,86,9.62,overcast clouds
471,Sorland,NO,67.667,12.6934,49.48,67,99,20.38,overcast clouds
472,Purpe,RU,64.4803,76.6897,48.29,95,100,24.58,light rain
473,Kralendijk,BQ,12.15,-68.2667,87.78,66,20,5.75,few clouds
474,Mogadishu,SO,2.0371,45.3438,77.58,86,76,14.58,broken clouds
475,Asten,NL,51.4042,5.7486,51.93,85,11,5.17,few clouds
476,Manbij,SY,36.5281,37.9549,75.76,64,1,14.38,clear sky
477,Yar-Sale,RU,66.8333,70.8333,50.49,98,100,14.56,light rain
478,Rocha,UY,-34.4833,-54.3333,51.85,77,100,7.76,overcast clouds
479,Unity,CA,52.4501,-109.1682,56.25,53,96,13.8,overcast clouds
480,Ambon,ID,-3.6954,128.1814,76.23,16,93,1.41,overcast clouds
481,Kayerkan,RU,69.3497,87.7602,26.53,73,100,7.34,overcast clouds
482,Nome,US,64.5011,-165.4064,44.17,81,0,8.05,clear sky
483,Sesimbra,PT,38.4445,-9.1015,76.66,94,100,6.17,overcast clouds
484,Belaya Gora,RU,68.5333,146.4167,31.78,98,100,13.49,snow
485,Samarai,PG,-10.6167,150.6667,80.31,85,100,11.05,overcast clouds
486,Aden,YE,12.7794,45.0367,89.94,62,60,4.14,broken clouds
487,Noyabrsk,RU,63.1994,75.4507,52.61,98,100,19.35,light rain
488,Kolyvan,RU,55.3053,82.7391,40.62,81,11,3.15,few clouds
489,Milkovo,RU,54.7167,158.6167,48.78,77,84,21.94,broken clouds
490,Geraldton,AU,-28.7667,114.6,50.41,93,89,8.05,overcast clouds
491,Alofi,NU,-19.0595,-169.9187,71.49,94,75,11.5,broken clouds
492,Allende,MX,25.2833,-100.0167,88.99,52,33,6.53,scattered clouds
493,Vardo,NO,70.3705,31.1107,37.38,87,100,11.5,overcast clouds
494,Bindura,ZW,-17.3019,31.3306,68.81,32,2,1.28,clear sky
495,Lyuban,BY,52.7985,28.0048,47.28,90,76,2.93,broken clouds
496,Luganville,VU,-15.5333,167.1667,80.55,76,31,6.62,scattered clouds
497,Whitehorse,CA,60.7161,-135.0538,56.17,63,75,13.8,broken clouds
498,Hobyo,SO,5.3505,48.5268,76.57,90,5,19.13,clear sky
499,Eston,CA,51.1501,-108.7514,51.93,51,99,17.63,overcast clouds
500,Kouango,CF,4.9934,19.9619,71.24,97,100,3.42,overcast clouds
501,Kirakira,SB,-10.4544,161.9205,79.41,86,100,11.27,overcast clouds
502,Sayyan,YE,15.1718,44.3244,63.54,54,87,3.94,overcast clouds
503,Benemerito De Las Americas,MX,16.5167,-90.6439,90.09,49,72,4.68,broken clouds
504,Nizwa,OM,22.9333,57.5333,83.68,47,15,1.7,few clouds
505,Opuwo,NA,-18.0607,13.84,68.4,22,0,2.24,clear sky
506,Margate,GB,51.3813,1.3862,61.3,70,99,6.33,overcast clouds
507,Pochutla,MX,15.7432,-96.4661,80.04,84,100,4.9,overcast clouds
508,Roebourne,AU,-20.7833,117.1333,68.04,37,0,8.34,clear sky
509,Coruripe,BR,-10.1256,-36.1756,73.42,77,0,8.23,clear sky
510,Marsa Matruh,EG,31.3525,27.2453,75.4,73,40,10.36,scattered clouds
511,Boyolangu,ID,-8.1181,111.8935,73.87,92,100,4.81,overcast clouds
512,Moroni,KM,-11.7022,43.2551,73.71,80,33,1.99,scattered clouds
513,Rochegda,RU,62.8,43.25,46.71,95,100,9.42,light rain
514,Andenes,NO,69.3143,16.1194,44.58,76,75,11.5,broken clouds
515,Ouahigouya,BF,13.5828,-2.4216,75.07,89,100,11.41,overcast clouds
516,Kapuskasing,CA,49.4169,-82.4331,73.4,60,75,13.8,broken clouds
517,Assiniboia,CA,49.6334,-105.9845,51.62,54,92,20.71,overcast clouds
518,Goure,NE,13.9835,10.2704,71.02,61,99,19.39,moderate rain
519,Wattegama,LK,6.7989,81.4808,75.88,82,9,5.28,clear sky
520,San Luis,AR,-33.295,-66.3356,61.86,31,91,4.36,overcast clouds
521,Sutton,GB,51.35,-0.2,61.7,76,0,1.14,clear sky
522,Casino,AU,-28.8667,153.05,61.79,85,97,1.3,moderate rain
523,Kalabo,ZM,-14.97,22.6814,76.66,46,80,4.14,broken clouds
524,Two Rivers,US,44.1539,-87.5693,78.37,85,75,12.66,broken clouds
525,Mariinsk,RU,56.2139,87.7472,41.18,93,70,0.22,broken clouds
526,Yaya,RU,56.206,86.44,42.21,93,94,2.66,overcast clouds
527,Nanga Eboko,CM,4.6833,12.3667,67.55,98,97,0.38,overcast clouds
528,Mount Gambier,AU,-37.8333,140.7667,50.25,99,100,3.53,overcast clouds
529,Calabar,NG,4.9517,8.322,73.06,96,100,1.66,moderate rain
530,Varazdin,HR,46.3044,16.3378,45.81,73,42,0.51,scattered clouds
531,Ocampo,MX,21.65,-101.5,72.46,39,16,17.78,few clouds
532,Pangody,RU,65.85,74.4859,46.94,97,100,18.77,light rain
533,Dickinson,US,29.4608,-95.0513,95.16,54,40,6.91,scattered clouds
534,Ciechanow,PL,52.8814,20.62,48.42,95,66,8.08,broken clouds
535,Keti Bandar,PK,24.1447,67.4497,80.67,71,36,12.1,scattered clouds
536,La Rioja,ES,42.25,-2.5,56.98,52,0,5.48,clear sky
537,Bacolod,PH,10.6667,122.95,77.92,89,100,5.64,overcast clouds
538,Olkhovatka,RU,50.2831,39.2872,55.33,56,84,9.64,broken clouds
539,Wana,PK,32.2989,69.5725,74.01,49,0,2.91,clear sky
540,Pundaguitan,PH,6.3711,126.1689,83.25,71,100,5.21,overcast clouds
541,Pangnirtung,CA,66.1451,-65.7125,37.4,65,75,11.5,broken clouds
542,Kulhudhuffushi,MV,6.6221,73.07,80.08,80,91,10.0,overcast clouds
543,Saint-Gaudens,FR,43.0833,0.6667,57.02,54,0,5.59,clear sky
544,Slave Lake,CA,55.2834,-114.769,53.58,66,0,6.91,clear sky
545,Jumla,NP,29.2747,82.1838,60.3,96,100,2.51,overcast clouds
546,Auki,SB,-8.7676,160.7034,77.16,87,99,4.88,light rain
547,Mata,PT,40.683,-7.4592,65.93,82,7,3.0,clear sky
548,Vostok,RU,46.4856,135.8833,30.18,79,0,5.88,clear sky
549,Totness,SR,5.8833,-56.3167,78.35,86,96,9.71,light rain
550,Leh,IN,34.1667,77.5833,54.01,41,75,4.7,broken clouds
551,Hirara,JP,24.8,125.2833,79.86,76,88,26.13,overcast clouds
552,Bitung,ID,1.4451,125.1824,74.25,80,96,5.97,overcast clouds
553,Zaysan,KZ,47.4667,84.8667,58.23,23,0,7.2,clear sky
554,Fianarantsoa,MG,-21.4333,47.0833,55.87,84,100,9.6,overcast clouds
555,El Colomo,MX,19.05,-104.25,80.82,81,100,3.74,overcast clouds
556,Nova Olimpia,BR,-14.7972,-57.2881,90.34,43,76,3.38,broken clouds
557,Bida,NG,9.0833,6.0167,75.9,86,46,3.11,scattered clouds
558,Maceio,BR,-9.6658,-35.7353,78.24,69,0,9.22,clear sky
559,Nantucket,US,41.2835,-70.0995,66.34,48,100,14.52,overcast clouds
560,Anito,PH,12.4497,125.2886,77.14,90,100,5.14,overcast clouds
561,Mitsamiouli,KM,-11.3847,43.2844,74.89,80,28,9.17,scattered clouds
562,Fort Frances,CA,48.5999,-93.4003,71.06,68,75,6.91,broken clouds
563,Taltal,CL,-25.4,-70.4833,59.38,64,0,7.76,clear sky
564,Dalaba,GN,10.7,-12.25,63.21,93,100,0.74,overcast clouds
565,Bilibino,RU,68.0546,166.4372,34.21,63,100,8.57,overcast clouds
566,Leshukonskoye,RU,64.8989,45.7622,47.28,97,100,5.32,light rain
567,Homer,US,59.6425,-151.5483,51.67,82,100,3.44,overcast clouds
568,Kaitangata,NZ,-46.2817,169.8464,49.48,93,60,2.28,broken clouds
569,Coahuayana,MX,18.7333,-103.6833,77.31,93,100,0.72,overcast clouds
570,Puerto Del Rosario,ES,28.5004,-13.8627,74.95,83,20,9.22,few clouds
571,Tete,MZ,-16.1564,33.5867,81.72,24,0,1.3,clear sky
572,Nizhniy Tsasuchey,RU,50.5167,115.1333,46.8,70,100,14.0,overcast clouds
573,Gravelbourg,CA,49.8834,-106.5512,52.07,46,100,19.51,overcast clouds
574,Cururupu,BR,-1.8283,-44.8683,77.77,80,81,5.21,broken clouds
575,Monrovia,LR,6.3005,-10.7969,78.57,87,100,10.98,light rain
576,Bac Lieu,VN,9.285,105.7244,77.74,88,100,9.44,overcast clouds
577,Bata,GQ,1.8639,9.7658,76.71,85,99,4.05,overcast clouds
578,Shieli,KZ,44.1667,66.75,72.72,22,0,13.04,clear sky
579,Sechura,PE,-5.5569,-80.8222,74.44,55,92,19.42,overcast clouds
580,Turan,VN,16.0678,108.2208,76.98,94,75,4.61,moderate rain
581,Broome,US,42.2506,-75.833,71.02,75,100,9.22,overcast clouds
582,Haines Junction,CA,60.7522,-137.5108,62.55,45,100,3.44,overcast clouds
583,Olinda,BR,-8.0089,-34.8553,80.33,61,20,5.75,few clouds
584,Taoudenni,ML,22.6783,-3.9836,100.63,11,1,9.04,clear sky
585,Fort-Shevchenko,KZ,44.5086,50.263,75.61,35,0,8.1,clear sky
586,Aguas Formosas,BR,-17.0822,-40.9358,80.46,46,9,6.13,clear sky
587,Asfi,MA,32.2994,-9.2372,71.85,83,0,7.45,clear sky
588,Malaga,ES,36.7202,-4.4203,74.73,80,20,1.14,few clouds
589,Bonavista,CA,48.6499,-53.1147,51.8,65,0,8.43,clear sky
590,Cristalina,BR,-16.7686,-47.6136,75.02,50,81,2.1,broken clouds
591,Ambulu,ID,-8.345,113.6058,74.26,89,100,3.33,moderate rain
592,Kupang,ID,-10.1667,123.5833,76.5,84,64,5.84,broken clouds
593,Swan Hill,AU,-35.3378,143.5544,51.64,97,100,15.93,overcast clouds
594,Port Moresby,PG,-9.4431,147.1797,76.42,94,20,5.75,few clouds
595,Hay River,CA,60.8156,-115.7999,62.56,39,40,6.91,scattered clouds
596,Brownsville,US,25.9018,-97.4975,91.4,65,0,5.75,clear sky
597,Oberriet,CH,47.3199,9.5661,52.61,81,100,1.14,overcast clouds
598,Daru,PG,-9.0763,143.2092,79.43,87,91,14.94,overcast clouds
599,Mehamn,NO,71.0357,27.8492,42.75,70,75,5.75,broken clouds
600,Cascais,PT,38.6979,-9.4215,76.86,85,20,18.01,few clouds
601,Praia,CV,14.9215,-23.5087,79.34,78,20,13.8,few clouds
602,Lucea,JM,18.451,-78.1736,87.66,69,7,9.28,clear sky
603,Polysayevo,RU,54.6012,86.2459,45.32,82,95,0.78,overcast clouds
604,Wuwei,CN,37.9281,102.6414,60.53,54,91,2.06,overcast clouds
605,Maputo,MZ,-25.9653,32.5892,63.23,82,75,17.27,drizzle
606,Kruisfontein,ZA,-34.0033,24.7314,53.89,85,0,5.19,clear sky
607,Berlevag,NO,70.8578,29.0864,42.8,81,75,14.97,broken clouds
608,Birjand,IR,32.8663,59.2211,63.07,22,0,6.91,clear sky
609,Teknaf,BD,20.8624,92.3058,77.14,91,33,6.58,scattered clouds
610,Itarema,BR,-2.9248,-39.9167,77.79,84,67,17.6,broken clouds
611,Usinsk,RU,65.9939,57.5281,49.48,90,100,21.43,light rain
612,Agadez,NE,19.75,10.25,90.1,9,0,12.01,clear sky
613,Angra Dos Reis,BR,-23.0067,-44.3181,68.59,86,66,1.83,broken clouds
614,Tecoanapa,MX,16.5167,-98.75,81.48,84,100,8.32,overcast clouds
615,Emilio Carranza,MX,19.9711,-96.6114,81.54,77,86,8.88,overcast clouds
616,Terney,RU,45.0503,136.6092,42.57,59,0,6.67,clear sky
617,Kindu,CD,-2.95,25.95,71.24,84,43,0.96,scattered clouds
618,Buraydah,SA,26.326,43.975,91.85,18,56,13.18,broken clouds
619,Bodden Town,KY,19.2833,-81.25,86.0,72,40,3.44,scattered clouds
620,Carutapera,BR,-1.195,-46.02,79.25,79,70,7.61,broken clouds
621,Koroni,GR,36.8,21.95,69.51,77,0,6.26,clear sky
622,Qiongshan,CN,20.0058,110.3542,75.18,100,0,0.0,clear sky
623,Nabire,ID,-3.3667,135.4833,74.62,91,100,3.8,overcast clouds
624,Fez,MA,34.0372,-4.9998,77.25,69,75,8.05,thunderstorm with rain
625,Ginir,ET,7.1333,40.7,64.36,59,100,1.97,overcast clouds
626,Cozumel,MX,20.5083,-86.9458,89.01,74,11,5.99,few clouds
627,Balkanabat,TM,39.5108,54.3671,80.76,17,0,8.43,clear sky
628,Muisne,EC,0.6,-80.0333,76.42,79,88,11.48,overcast clouds
629,Lisakovsk,KZ,52.5369,62.4936,60.76,22,0,5.66,clear sky
630,Ostend,BE,51.2234,2.9119,57.09,72,75,5.75,broken clouds
631,Seljord,NO,59.4894,8.634,42.4,79,7,3.24,clear sky
632,Atar,MR,20.5169,-13.0499,93.2,27,42,16.2,scattered clouds
633,Santa Maria,BR,-29.6842,-53.8069,70.9,56,0,8.05,clear sky
634,Ponta Delgada,PT,37.7333,-25.6667,77.5,78,20,3.44,few clouds
635,San Jose,US,37.3394,-121.895,80.58,41,75,8.01,broken clouds
636,Ganzhou,CN,28.8184,115.4327,67.51,60,95,6.51,overcast clouds
637,Zhanakorgan,KZ,43.9098,67.2495,73.87,21,0,14.29,clear sky
638,Yekaterinoslavka,RU,50.3734,129.1139,41.32,58,100,12.35,overcast clouds
639,Yarmouth,US,41.7057,-70.2286,66.34,83,100,8.05,overcast clouds
640,Iwanai,JP,42.9744,140.5089,49.42,69,58,3.27,broken clouds
641,Bandarbeyla,SO,9.4942,50.8122,78.39,85,52,19.44,broken clouds
642,Rocky Mountain House,CA,52.3668,-114.9188,53.71,40,6,6.91,clear sky
643,Shimoda,JP,34.6667,138.95,63.1,87,100,15.19,overcast clouds
644,Svetlogorsk,BY,52.6333,29.7333,46.29,88,99,4.12,overcast clouds
645,Mardin,TR,37.3131,40.7436,78.08,16,64,8.79,broken clouds
646,Jadu,LY,31.953,12.0261,77.61,34,2,3.42,clear sky
647,Finote Selam,ET,10.7,37.2667,58.15,98,100,3.0,moderate rain
648,Adamovka,RU,51.5223,59.9396,60.46,21,0,6.42,clear sky
649,Pietersburg,ZA,-23.9045,29.4688,57.02,90,57,8.23,moderate rain
650,Finnsnes,NO,69.2296,17.9811,41.61,77,94,4.38,overcast clouds
651,Sartell,US,45.6216,-94.2069,87.19,67,100,1.01,overcast clouds
652,Sovetskaya Gavan,RU,48.9723,140.2878,39.43,63,2,8.7,clear sky
653,Kokopo,PG,-4.352,152.2633,76.06,84,100,3.67,light rain
654,Salmas,IR,38.1973,44.7653,68.25,18,35,5.84,scattered clouds
655,Thinadhoo,MV,0.5333,72.9333,80.42,76,17,4.97,few clouds
656,Adre,TD,13.4667,22.2,78.73,58,87,3.15,overcast clouds
657,Tingi,TZ,-11.3,35.0333,64.42,64,2,6.26,clear sky
658,Robertsport,LR,6.7533,-11.3686,77.18,86,99,11.77,light rain
659,Santa Marta,CO,11.2408,-74.199,86.9,74,75,12.66,light intensity drizzle
660,Nevers,FR,46.9167,3.3333,49.69,67,99,4.52,overcast clouds
661,Kosterevo,RU,55.9299,39.6144,46.44,89,55,2.53,broken clouds
662,Kamenka,RU,51.3223,42.7678,53.71,58,97,6.62,overcast clouds
663,Alekseyevka,RU,50.6309,38.6903,55.8,61,100,8.25,overcast clouds
664,Valentin Gomez Farias,MX,28.2167,-106.5833,77.85,46,60,12.26,broken clouds
665,Calabozo,VE,8.9242,-67.4293,85.28,70,81,4.34,broken clouds
666,Genhe,CN,50.7833,121.5167,41.43,75,100,4.76,overcast clouds
667,Tabat,ID,-2.635,115.2274,71.82,99,100,1.9,overcast clouds
668,Forbes,AU,-33.3833,148.0167,61.92,64,100,8.97,moderate rain
669,Khilok,RU,51.3674,110.4676,42.37,85,100,11.52,overcast clouds
670,Dzhebariki-Khaya,RU,62.2167,135.8,24.71,74,5,3.27,clear sky
671,Kutum,SD,14.2,24.6667,76.3,53,52,5.46,broken clouds
672,Quibor,VE,9.9287,-69.6201,83.37,64,99,1.86,overcast clouds
673,Holovyne,UA,50.4712,28.8253,47.64,94,100,9.4,overcast clouds
674,Barranquilla,CO,10.9639,-74.7964,80.38,83,75,9.22,broken clouds
675,Naica,MX,27.85,-105.4833,84.79,36,65,9.42,broken clouds
676,Mega,ET,4.05,38.3,63.84,55,100,10.42,overcast clouds
677,Puerto Escondido,MX,15.85,-97.0667,80.74,83,100,5.66,overcast clouds
678,Konevo,RU,62.1215,39.3192,46.38,94,100,7.78,overcast clouds
679,Bangangte,CM,5.1409,10.5198,61.05,97,85,2.95,overcast clouds
680,Nueva Loja,EC,0.0847,-76.8828,89.62,51,75,8.05,broken clouds
681,Alcudia,ES,39.8532,3.1214,75.25,63,9,3.89,clear sky
682,Mamontovo,RU,52.7055,81.6244,53.71,69,68,6.35,broken clouds
683,Samana,DO,19.2056,-69.3369,86.22,79,40,11.5,scattered clouds
684,Sabha,LY,27.0377,14.4283,89.69,12,0,7.31,clear sky
685,Trinidad,BO,-14.8333,-64.9,98.58,41,20,14.97,smoke
686,Bonaventure,CA,48.0457,-65.4926,55.98,71,100,4.61,light rain
687,Amazar,RU,53.858,120.875,32.7,94,43,1.59,scattered clouds
688,Jiblah,YE,13.9216,44.1467,65.64,58,99,5.88,overcast clouds
689,Tynda,RU,55.1667,124.7167,31.19,94,92,1.07,overcast clouds
